Ariane,Kaine,GRP_U_Charge_Communication
Alice,Perrin,GRP_U_Charge_Communication
Lea,Gagnon,GRP_U_Charge_Presse
Adrian,Schultz,GRP_U_Charge_Presse
Carlos,Alvarez,GRP_U_Charge_Droit_Communication
Felix,Hoffmann,GRP_U_Designer_Graphique
Valerie,Houddin,GRP_U_Designer_Graphique
Valentina,Ferrari,GRP_U_Direction_Communication
JeanPascal,Millith,GRP_U_Photographe
Henri,Lambert,GRP_U_Photographe
Pauline,Blanc,GRP_U_Publicitaire
Elodie,Boucher,GRP_U_Publicitaire
Amelie,Fournier,GRP_U_Publicitaire
Giovanni,Moretti,GRP_U_Publicitaire
Noemie,Pichon,GRP_U_Publicitaire
Marco,Ricci,GRP_U_Publicitaire
Jean,Maire,GRP_U_Responsable_Publicite
Luca,Rizzo,GRP_U_Responsable_Publicite
Alexandre,Chevalier,GRP_U_Responsable_Relation_Media
Charlotte,Giroux,GRP_U_Webmaster
Quentin,Blanchard,GRP_U_Controleur_Gestion
Estelle,Dubois,GRP_U_Comptable
Louis,Dupont,GRP_U_Controleur_Gestion
Zoe,Dupuis,GRP_U_Controleur_Gestion
Anais,Fontaine,GRP_U_Controleur_Gestion
Justine,Fontaine,GRP_U_Analyste_Financier
Romain,Gauthier,GRP_U_Comptable
Victor,Lemoine,GRP_U_Analyste_Financier
Gabriel,Mercier,GRP_U_Analyste_Financier
Eva,Meyer,GRP_U_Controleur_Gestion
Leon,Muller,GRP_U_Analyste_Financier
Morgane,Palaiseau,GRP_U_Analyste_Financier
Aurelie,Petit,GRP_U_DAF
Mathieu,Roux,GRP_U_Comptable
Gilles,Faure,GRP_U_CEO
Fanny,Garnier,GRP_U_Assistant_Direction
Juliette,Guerin,GRP_U_Secretaire
Laure,Henry,GRP_U_Assistant_Direction
Mia,Heschklaesh,GRP_U_Secretaire
Emile,Legrand,GRP_U_Directeur_Adjoint
Kevin,Muller,GRP_U_Assistant_Direction
Helene,Rousseau,GRP_U_Assistant_Direction
Edouard,Boulanger,GRP_U_Charge_Promotion
Vanessa,Boyer,GRP_U_Analyste_Marketing
Danielle,Carpentier,GRP_U_Charge_Promotion
Sylvie,Charpentier,GRP_U_Responsable_Marketing_Digital
Kylian,Chauvin,GRP_U_Chef_Produit
Ulrich,DaSilva,GRP_U_Content_Manager
Remi,Deschamps,GRP_U_Community_Manager
Charles,Fernandez,GRP_U_Charge_Promotion
Justine,Gallet,GRP_U_Responsable_Marketing_Operationnel
Gael,Garnier,GRP_U_Assistant_Marketing
Paulette,Huet,GRP_U_Responsable_Gamme
Igor,Lapierre,GRP_U_Coordinateur_Marketing
Xena,Leblanc,GRP_U_Analyste_Marketing
Flore,Leclercq,GRP_U_Chef_Projet
Brigitte,Lucas,GRP_U_Direction_Marketing_Strategique
Walter,Maillard,GRP_U_Analyste_Marketing
Olivier,Marechal,GRP_U_Gestionaire_Marque
Tristan,Marie,GRP_U_Analyste_Web
Amaury,Meyer,GRP_U_Chef_Produit_Strategique
Hortense,Morvan,GRP_U_Assistant_Marketing
Nina,Pichon,GRP_U_Chef_Produit
Zoel,Roger,GRP_U_Chef_Produit_Strategique
Aisha,Abdullah,GRP_U_Chercheur
Nora,AlHassan,GRP_U_Responsable_Recherche
Xander,Bailly,GRP_U_Chercheur
Kai,Chen,GRP_U_Laborantin
Leila,DaSilva,GRP_U_Laborantin
Youssef,ElAmrani,GRP_U_Chercheur
Jeanpierre,Gadere,GRP_U_Chercheur
Maria,Garcia,GRP_U_Chercheur
Alejandro,Gomez,GRP_U_Laborantin
Yolande,Gros,GRP_U_Chercheur
Juan,Hernandez,GRP_U_Chercheur
Soffia,Itsch,GRP_U_Chercheur
Katya,Ivanov,GRP_U_Chercheur
Ahmed,Khalid,GRP_U_Chercheur
Nina,Kovacevic,GRP_U_Laborantin
Willy,LeRoux,GRP_U_Chercheur
Ibrahim,Lebn,GRP_U_Chercheur
Natasha,Lereculey,GRP_U_Chercheur
Chang,Li,GRP_U_Chercheur
Mia,Nguyen,GRP_U_Chercheur
Jamal,Nkrumah,GRP_U_Chercheur
Liam,OConnor,GRP_U_Chercheur
Aya,Patel,GRP_U_Chercheur
Paul,Perrin,GRP_U_Chercheur
Victoria,Perrot,GRP_U_Chercheur
Ivan,Petrov,GRP_U_Chercheur
Ziad,Prevost,GRP_U_Chercheur
Ines,Rex,GRP_U_Chercheur
Sofia,Rodriguez,GRP_U_Responsable_Recherche
Kelly,Arnaud,GRP_U_Direction_Adjoint_RH
Myriam,Aubert,GRP_U_Formateur
Jordan,Barbier,GRP_U_Agent_RH_GP
Delphine,Boucher,GRP_U_Agent_RH_GP
Etienne,Brun,GRP_U_Agent_RH_GP
Cedric,Caron,GRP_U_Agent_RH_GP
Xenia,Chevalier,GRP_U_Agent_RH_GP
Yves,Colin,GRP_U_Agent_RH_GP
Noah,Dumas,GRP_U_Formateur
Rayan,Fontaine,GRP_U_Technicien_HSE
Wendy,Fontaine,GRP_U_Agent_RH_GP
Genevieve,Giraud,GRP_U_Agent_RH_GP
Timothee,Guillot,GRP_U_Auditeur
Uriel,Hubert,GRP_U_Animateur_securite
Henri,Joly,GRP_U_Agent_RH_GP
Paul,Lacombe,GRP_U_Technicien_HSE
Sara,Lebrun,GRP_U_Technicien_HSE
Zacharie,Leclerc,GRP_U_Agent_RH_GP
Irene,Lemoine,GRP_U_Agent_RH_GP
Lionel,Marchand,GRP_U_Direction_RH
Antoine,Poirier,GRP_U_Agent_RH_GP
Nordman,Polock,GRP_U_Agent_RH_GP
Ophelie,Poulin,GRP_U_Formateur
Blanche,Renaud,GRP_U_Agent_RH_GP
Mohamed,AlAmin,GRP_U_Agent_logistique
Isabella,DaSilva,GRP_U_Agent_logistique
Baptiste,Gros,GRP_U_Agent_logistique
Elena,Ivanova,GRP_U_Gestionnaire_immobilier
Nathan,LeRoux,GRP_U_Agent_logistique
Noemie,Lerocher,GRP_U_Agent_logistique
Julien,Marie,GRP_U_Responsable_Logistique
Jerome,Perrot,GRP_U_Agent_logistique
Charlotte,Prevost,GRP_U_Agent_logistique
Arjun,Singh,GRP_U_Gestionnaire_immobilier
Amelia,Smith,GRP_U_Agent_logistique
Hiroto,Takahashi,GRP_U_Agent_logistique
Sophie,Clement,GRP_U_Responsable_Juridique
Ugo,Dumont,GRP_U_Juriste_CTR
Thomas,Gauthier,GRP_U_Juriste_CTR
Veronique,Lopez,GRP_U_Juriste_CTR
Romain,Mathieu,GRP_U_Juriste_CTR
Patricia,Morin,GRP_U_Juriste_CTR
Nathalie,Nicolas,GRP_U_Juriste_CTR
Oscar,Perrin,GRP_U_Juriste_CTR
Beatrice,Bonnet,GRP_U_Developpeur
Pierre,David,GRP_U_Data_Scientist
Cyril,Francois,GRP_U_Developpeur
Tina,LeHecourt,GRP_U_Direction_Informatique
Hassan,Liffite,GRP_U_Data_Scientist
Rosalie,Roux,GRP_U_Data_Scientist
Nicolas,Bertrand,GRP_U_Gestionnaire_ADV
Juliette,Bonnet,GRP_U_Gestionnaire_ADV
Camille,Fournier,GRP_U_Gestionnaire_ADV
Elise,Francois,GRP_U_Gestionnaire_ADV
Julie,Garcia,GRP_U_Gestionnaire_ADV
Thomas,Girard,GRP_U_Gestionnaire_ADV
Antoine,Lambert,GRP_U_Gestionnaire_ADV
Louis,Laurent,GRP_U_Responsable_ADV
Laura,David,GRP_U_Commercial_B2B
Clara,Dubois,GRP_U_Commercial_B2B
Libou,Khamin,GRP_U_Commercial_B2B
Jessy,Lair,GRP_U_Commercial_B2B
Theo,Laurent,GRP_U_Commercial_B2B
Esteban,Lomez,GRP_U_Commercial_B2B
Jeremy,Lorrain,GRP_U_Commercial_B2B
Alice,Martin,GRP_U_Commercial_B2B
Andrea,Marton,GRP_U_Commercial_B2B
Lea,Michel,GRP_U_Commercial_B2B
Elena,Robert,GRP_U_Responsable_B2B
David,Thomas,GRP_U_Commercial_B2B
Hugo,Durand,GRP_U_Commercial_B2B
Isabelle,Leroy,GRP_U_Commercial_B2C
Jerome,Moreau,GRP_U_Commercial_B2C
Gabrielle,Petit,GRP_U_Commercial_B2C
Fabien,Richard,GRP_U_Commercial_B2C
Karine,Simon,GRP_U_Responsable_B2C
Chloe,Bernard,GRP_U_Commercial_DI
Sarah,Durand,GRP_U_Direction_Commercial_DI
Hugo,Leroy,GRP_U_Commercial_DI
Alice,Moreau,GRP_U_Commercial_DI
Maxime,Petit,GRP_U_Commercial_DI
Emma,Dupont,GRP_U_Commercial_DI
Olivia,Garcia,GRP_U_Commercial_DI
Melanie,Lefebvre,GRP_U_Responsable_Grands_Comptes
Lucas,Martin,GRP_U_Commercial_DI
Olga,Ut,GRP_U_Commercial_DI
Luna,Garcia,GRP_U_Acheteur
Oliver,Johnson,GRP_U_Responsable_achat
Dmitri,Orlov,GRP_U_Acheteur
Marc,Roussel,GRP_U_Acheteur
Fatima,Zahra,GRP_U_Acheteur
Raphael,Lefebvre,GRP_U_Agent_Client
Marie,Leroux,GRP_U_Agent_Client
Mathieu,Morel,GRP_U_Agent_Client
Alexandre,Roux,GRP_U_Responsable_Service_Client
Manon,Vincent,GRP_U_Agent_Client
